ZIP_CODE,RENT_INDEX
11233,34.103369516091959
11238,47.448104980084295
11206,46.81839248976523
11207,31.586514448416313
10025,54.225352112676056
11213,24.283936851236202
11215,28.740714258132481
11216,70.215891793992427
11237,67.213013748223077
11221,56.886264017963953
11385,52.65071434899734
11226,39.79004801567703
10031,55.278996946130221
11205,52.184634729818733
